{
  "type": "minecraft:crafting_shaped",
  "pattern": [
  	"GEG",
    "DPd",
    "GTG"
  ],
  "key": {
  	"G": {
      "item": "create:sturdy_sheet"
    },
    "D": {
      "item": "create:display_link"
    },
    "d": {
      "item": "create:display_board"
    },
    "T": {
      "item": "create:transmitter"
    },
    "P": {
      "item": "toms_storage:ts.wireless_terminal"
    },
    "E": {
      "item": "create:electron_tube"
    }
  },
  "result": {
    "item": "toms_storage:ts.adv_wireless_terminal"
  }
}